Samples  ,Experimental_group,Biological_material,LPC(16:1),LPC(16:0),LPC(18:3),LPC(18:2),LPC(18:1),LPC(18:0),LPC(20:5),LPC(20:4),LPC(20:3),LPC(20:2),LPC(20:1),LPC(20:0),LPC(22:6),LPC(22:5),Total LysoPC,PC(28:1),PC(30:1),PC(30:0),PC(32:2),PC(32:1),PC(32:0),PC(34:4),PC(34:3),PC(34:2),PC(34:1),PC(34:0),PC(36:6),PC(36:5),PC(36:4),PC(36:3),PC(36:2),PC(36:1),PC(36:0),PC(38:6),PC(38:5),PC(38:4),PC(38:3),PC(38:2),PC(38:1),PC(38:0),PC(40:8),PC(40:7),PC(40:6),PC(40:5),PC(40:4),PC(40:3),PC(40:2),PC(42:11),PC(42:10),PC(42:9),PC(42:8),PC(42:7),PC(42:6),PC(42:5),PC(42:4),PC(42:3),PC(42:2),PC(44:12),PC(44:11),PC(44:10),PC(44:9),PC(44:8),PC(44:7),PC(44:6),PC(44:5),PC(44:4),PC(44:3),PC(44:2),Total PC,SM(16:1),SM(16:0),CerPE(16:0),SM(18:1),SM(18:0),CerPE(18:0),SM(22:1),SM(22:0),CerPE(22:0),SM(24:1),SM(24:0),CerPE(24:0),Total SM and CerPE,PC(O-32:3),PC(O-32:2),PC(O-32:1),PC(O-32:0),PC(O-34:4),PC(O-34:3),PC(O-34:2),PC(O-34:1),PC(O-34:0),PC(O-36:5),PC(O-36:4),PC(O-36:3),PC(O-36:2),PC(O-36:1),PC(O-36:0),PC(O-38:6),PC(O-38:5),PC(O-38:4),PC(O-38:3),PC(O-38:2),PC(O-38:1),PC(O-38:0),PC(O-40:6),PC(O-40:5),PC(O-40:4),PC(O-40:3),PC(O-40:2),Total ePC,LPE(16:1),LPE(16:0),LPE(18:3),LPE(18:2),LPE(18:1),LPE(20:5),LPE(20:4),LPE(20:3),LPE(20:2),LPE(20:1),LPE(20:0),LPE(22:6),LPE(22:5),Total LysoPE,PE(28:1),PE(28:0),PE(30:1),PE(30:0),PE(32:2),PE(32:1),PE(32:0),PE(34:4),PE(34:3),PE(34:2),PE(34:1),PE(34:0),PE(36:6),PE(36:5),PE(36:4),PE(36:3),PE(36:2),PE(36:1),PE(36:0),PE(38:6),PE(38:5),PE(38:4),PE(38:3),PE(38:2),PE(38:1),PE(38:0),PE(40:8),PE(40:7),PE(40:6),PE(40:5),PE(40:4),PE(40:3),PE(40:2),PE(42:10),PE(42:9),PE(42:8),PE(42:7),PE(42:6),PE(42:5),PE(42:4),PE(42:3),PE(42:2),PE(44:12),PE(44:11),PE(44:10),PE(44:9),PE(44:8),PE(44:7),PE(44:6),PE(44:5),PE(44:4),PE(44:3),PE(44:2),Total PE,PE-Cer(16:1),PE-Cer(16:0),PE-Cer(18:1),PE-Cer(18:0),PE-Cer(24:0),Total PE-Cer,PE(O-32:3),PE(O-32:2),PE(O-32:1),PE(O-32:0),PE(O-34:4),PE(O-34:3),PE(O-34:2),PE(O-34:1),PE(O-34:0),PE(O-36:5),PE(O-36:4),PE(O-36:3),PE(O-36:2),PE(O-36:1),PE(O-36:0),PE(O-38:6),PE(O-38:5),PE(O-38:4),PE(O-38:3),PE(O-38:2),PE(O-38:1),PE(O-38:0),PE(O-40:6),PE(O-40:5),PE(O-40:4),PE(O-40:3),PE(O-40:2),Total ePE,PI(34:4),PI(34:3),PI(34:2),PI(34:1),PI(36:6),PI(36:5),PI(36:4),PI(36:3),PI(36:2),PI(36:1),PI(38:6),PI(38:5),PI(38:4),PI(38:3),PI(38:2),PI(38:1),PI(38:0),Total PI,PS(32:1),PS(32:0),PS(34:4),PS(34:3),PS(34:2),PS(34:1),PS(34:0),PS(36:6),PS(36:5),PS(36:4),PS(36:3),PS(36:2),PS(36:1),PS(36:0),PS(38:7),PS(38:6),PS(38:5),PS(38:4),PS(38:3),PS(38:2),PS(38:1),PS(38:0),PS(40:8),PS(40:7),PS(40:6),PS(40:5),PS(40:4),PS(40:3),PS(40:2),PS(40:1),PS(42:11),PS(42:10),PS(42:9),PS(42:8),PS(42:7),PS(42:6),PS(42:5),PS(44:12),PS(44:11),PS(44:10),PS(44:9),PS(44:8),PS(44:7),PS(44:6),PS(44:5),PS(44:4),PS(44:3),PS(44:2),Total PS,PS(O- 34:2),PS(O- 34:1),PS(O- 36:3),PS(O- 36:2),PS(O- 36:1),PS(O- 36:0),PS(O- 38:6),PS(O- 38:5),PS(O- 38:4),PS(O- 38:3),PS(O- 38:2),PS(O- 38:1),PS(O- 40:5),PS(O- 40:4),PS(O- 40:3),PS(O- 40:2),Total ePS,PA(32:4),PA(32:3),PA(32:2),PA(32:1),PA(32:0),PA(34:4),PA(34:3),PA(34:2),PA(34:1),PA(36:6),PA(36:5),PA(36:4),PA(36:3),PA(36:2),PA(38:6),PA(38:5),PA(38:4),PA(38:3),PA(38:2),PA(40:7),PA(40:6),PA(40:5),Total PA
P0_C57_1,P0_C57,Hipocampo,0.05116,0.36120,0.00123,0.01562,0.14246,0.05913,0.00092,0.02114,0.00735,0.00827,0.00000,0.00000,0.01624,0.00000,0.68472,0.00962,0.73463,4.44488,0.66998,8.28871,12.65372,0.09884,0.21798,2.13041,16.93191,1.66132,0.06491,0.17765,2.64251,0.60987,1.27478,1.96826,0.03847,1.41288,0.71432,1.67147,0.23481,0.04541,0.02004,0.01763,0.02671,0.26393,0.56580,0.15547,0.08094,0.01603,0.00187,0.00000,0.02244,0.00508,0.01122,0.01763,0.01523,0.01122,0.00882,0.00187,0.00000,0.00000,0.00000,0.00000,0.00000,0.00000,0.00000,0.00000,0.00000,0.00000,0.00000,0.00000,59.93928,0.00788,0.25547,0.00000,0.12511,0.60978,0.12774,0.07947,0.05746,0.01478,0.14974,0.06699,0.00460,1.49901,0.00107,0.00695,0.13330,0.19848,0.00107,0.01042,0.06224,0.45146,0.08281,0.02458,0.03366,0.01282,0.03072,0.05022,0.02004,0.03152,0.02591,0.03125,0.00214,0.00908,0.00748,0.09350,0.01362,0.01042,0.00855,0.00214,0.00000,1.35545,0.01025,0.03475,0.00256,0.00655,0.04871,0.00456,0.02848,0.00570,0.00256,0.00427,0.00000,0.17604,0.00570,0.33014,0.00000,0.00120,0.01200,0.01040,0.01921,0.14125,0.06042,0.01681,0.01841,0.19207,1.21165,0.05202,0.06082,0.04402,0.63664,0.15046,0.43736,0.65664,0.03041,3.36605,0.66785,4.26479,0.31812,0.05362,0.04882,0.07043,0.07923,1.14122,4.08352,0.37974,0.54460,0.08283,0.00560,0.06723,0.23729,0.06723,0.07283,0.05362,0.07563,0.02641,0.00000,0.00000,0.02961,0.02401,0.12605,0.03361,0.00840,0.00000,0.00000,0.00000,0.00000,0.00000,0.00000,19.68012,0.00000,0.00000,0.00000,0.00000,0.00120,0.00120,0.00000,0.00000,0.00000,0.06803,0.00000,0.00000,0.00000,0.04682,0.00240,0.00680,0.01761,0.00480,0.00720,0.01160,0.00000,0.12925,0.04282,0.06883,0.01040,0.00000,0.00240,0.17847,0.12325,0.02761,0.04322,0.00560,0.18327,0.98036,0.00000,0.00124,0.00936,0.01237,0.00177,0.02720,0.37909,0.02897,0.00689,0.00000,0.07119,0.81330,3.43304,0.07402,0.00389,0.00000,0.00000,4.86232,0.05069,0.03830,0.01183,0.02197,0.04168,0.38581,0.05914,0.00451,0.00620,0.06871,0.03492,0.14756,0.41453,0.00169,0.02084,0.20952,0.06533,0.70459,0.15489,0.02309,0.01239,0.00056,0.01802,0.25401,5.14112,0.36722,0.50521,0.05520,0.00845,0.00394,0.00394,0.03210,0.30414,0.02478,0.05182,0.04731,0.05238,0.04506,0.03605,0.21966,0.07829,0.02084,0.01014,0.00845,0.00169,0.00169,0.00000,0.00000,9.77026,0.00000,0.00000,0.00000,0.00000,0.00451,0.00000,0.00338,0.00000,0.00000,0.00000,0.00000,0.00338,0.00282,0.00113,0.00113,0.01690,0.03323,0.00000,0.00000,0.02017,0.14370,0.08404,0.00714,0.00126,0.03740,0.30001,0.00000,0.00294,0.02479,0.00210,0.03908,0.02101,0.01008,0.05883,0.01134,0.00042,0.00588,0.08866,0.00504,0.86389
P0_C57_2,P0_C57,Hipocampo,0.05024,0.38059,0.00192,0.00899,0.14209,0.06595,0.00108,0.03202,0.00540,0.00180,0.00276,0.00108,0.01283,0.00048,0.70722,0.00721,0.56073,4.01285,0.59032,8.17751,12.98937,0.08574,0.23055,2.01510,15.74159,1.95948,0.05301,0.19343,2.72117,0.64898,1.27495,1.83872,0.02980,1.51344,0.79839,1.86339,0.20545,0.04036,0.01976,0.01945,0.02739,0.26264,0.56429,0.16342,0.11323,0.01066,0.00669,0.00000,0.01788,0.00795,0.01757,0.01631,0.01568,0.01851,0.01380,0.00010,0.00000,0.00439,0.00000,0.00439,0.00000,0.00000,0.00000,0.00000,0.00000,0.00000,0.00000,0.00000,58.85564,0.01080,0.23494,0.01195,0.17736,0.75301,0.00000,0.05655,0.05912,0.04704,0.19008,0.05321,0.00334,1.59740,0.00293,0.00774,0.13906,0.25365,0.00136,0.00376,0.05196,0.50134,0.11177,0.02028,0.03733,0.01286,0.02771,0.05573,0.02039,0.03931,0.03367,0.02917,0.00836,0.00701,0.00763,0.08898,0.01788,0.01412,0.00836,0.00335,0.00167,1.50738,0.01104,0.04170,0.00301,0.00457,0.04850,0.00178,0.04058,0.00524,0.00201,0.00301,0.00000,0.19901,0.01795,0.37839,0.00000,0.00094,0.00423,0.00736,0.01316,0.12811,0.05607,0.01457,0.02788,0.19499,1.18088,0.06734,0.04495,0.05059,0.58794,0.15568,0.49256,0.55066,0.03164,3.20530,0.65465,4.12088,0.30869,0.04824,0.04025,0.06938,0.09256,1.19796,3.97335,0.40517,0.68253,0.08504,0.00971,0.07565,0.22114,0.09632,0.06703,0.04636,0.07565,0.03289,0.00000,0.00141,0.04965,0.03289,0.14518,0.04417,0.01644,0.00172,0.00000,0.00000,0.00000,0.00000,0.00000,19.40973,0.00000,0.00000,0.00000,0.00000,0.00000,0.00000,0.00000,0.00000,0.00282,0.01347,0.00000,0.00000,0.00893,0.03712,0.00470,0.01065,0.02381,0.00752,0.00799,0.01347,0.00016,0.13187,0.03978,0.07439,0.00689,0.00595,0.00000,0.17416,0.11449,0.04041,0.04745,0.01253,0.17792,0.95645,0.00816,0.01231,0.01881,0.03554,0.00878,0.03533,0.44748,0.06133,0.00602,0.00318,0.06437,0.83252,3.59688,0.04038,0.01293,0.00311,0.00000,5.18711,0.04960,0.04475,0.02315,0.03571,0.05136,0.52862,0.04233,0.00242,0.00904,0.08311,0.03814,0.21912,0.43008,0.00794,0.02006,0.23279,0.06657,0.65670,0.16776,0.01697,0.01014,0.00000,0.02160,0.29385,5.26793,0.35139,0.63818,0.03814,0.00992,0.00485,0.00353,0.03373,0.42193,0.04144,0.06062,0.04762,0.05754,0.05467,0.03858,0.26321,0.07693,0.03329,0.00926,0.00265,0.00000,0.00066,0.00000,0.00000,10.50786,0.00000,0.00331,0.00000,0.00000,0.00639,0.00242,0.00265,0.00000,0.00110,0.00000,0.00000,0.00265,0.00309,0.00441,0.00000,0.02381,0.04982,0.00000,0.00000,0.01184,0.14012,0.09555,0.00000,0.00247,0.03486,0.34339,0.00000,0.00312,0.01957,0.01513,0.02960,0.02204,0.00789,0.04177,0.00493,0.00164,0.00970,0.05641,0.00296,0.84300
P0_C57_3,P0_C57,Hipocampo,0.05773,0.35506,0.00092,0.01535,0.13029,0.05406,0.00000,0.02795,0.00709,0.00433,0.00262,0.00197,0.01483,0.00092,0.67312,0.01407,0.72034,4.66057,0.68064,8.42014,12.34012,0.11750,0.26429,2.16353,16.01114,1.69696,0.08821,0.19931,2.73055,0.65112,1.23176,1.73643,0.02883,1.51710,0.76965,1.64810,0.19599,0.04245,0.01785,0.01716,0.03512,0.26612,0.53442,0.16304,0.10675,0.01098,0.00458,0.00000,0.02162,0.00801,0.01613,0.01819,0.01922,0.01510,0.00995,0.00000,0.00000,0.00343,0.00000,0.00000,0.00000,0.00000,0.00000,0.00000,0.00000,0.00000,0.00000,0.00000,59.19648,0.01013,0.22797,0.00127,0.15442,0.54469,0.08213,0.06146,0.05625,0.01139,0.16623,0.05190,0.00000,1.36784,0.00149,0.00950,0.12162,0.23397,0.00080,0.00412,0.05000,0.43190,0.08730,0.02014,0.04050,0.00995,0.02620,0.05034,0.01682,0.03684,0.03066,0.02677,0.00641,0.00526,0.00698,0.09977,0.01613,0.01442,0.00744,0.00195,0.00000,1.35727,0.00622,0.03062,0.00183,0.00537,0.03806,0.00085,0.02172,0.00390,0.00110,0.00146,0.00000,0.08784,0.00464,0.20361,0.00000,0.00000,0.00925,0.01371,0.02057,0.14070,0.05878,0.02108,0.03822,0.19692,1.23308,0.07061,0.06410,0.05278,0.72716,0.15184,0.43102,0.56761,0.03308,3.48741,0.67215,4.20497,0.29203,0.04713,0.03839,0.06564,0.12802,1.31500,4.07284,0.38372,0.61525,0.07969,0.01011,0.08689,0.29443,0.09717,0.06564,0.05793,0.07815,0.02931,0.00703,0.00000,0.04867,0.05604,0.15064,0.04473,0.01440,0.00394,0.00000,0.00000,0.00000,0.00000,0.00000,20.27783,0.00000,0.00000,0.00000,0.00000,0.00308,0.00308,0.00000,0.00000,0.00308,0.01474,0.00000,0.00000,0.00411,0.03496,0.00463,0.00960,0.03530,0.00154,0.00668,0.01268,0.00274,0.11757,0.04302,0.07678,0.00446,0.00754,0.00308,0.22554,0.10111,0.03753,0.04267,0.01114,0.25176,1.05227,0.00598,0.00121,0.01059,0.01279,0.00393,0.02709,0.38593,0.03942,0.01044,0.00000,0.08678,0.66428,3.05438,0.09298,0.01483,0.00000,0.00000,4.41063,0.04849,0.05114,0.03835,0.04342,0.04390,0.43155,0.04559,0.00627,0.00917,0.10686,0.03667,0.14859,0.38885,0.00000,0.03064,0.27210,0.06417,0.65130,0.16476,0.02002,0.00748,0.00000,0.02002,0.32300,5.29703,0.39971,0.59413,0.03449,0.00796,0.00024,0.00241,0.04125,0.55578,0.06199,0.05403,0.05789,0.05789,0.05331,0.04366,0.30684,0.07261,0.02846,0.01230,0.00217,0.00000,0.00000,0.00000,0.00000,10.63652,0.00000,0.00217,0.00000,0.00000,0.00555,0.00121,0.00289,0.00000,0.00000,0.00000,0.00000,0.00217,0.00265,0.00048,0.00193,0.03980,0.05886,0.00000,0.00576,0.01350,0.13875,0.08458,0.00252,0.00486,0.04031,0.27048,0.00180,0.00450,0.01980,0.01116,0.03077,0.01548,0.00864,0.04355,0.00432,0.00126,0.00576,0.05147,0.00324,0.76249
P0_C57_4,P0_C57,Hipocampo,0.05093,0.35746,0.00149,0.00809,0.12826,0.05809,0.00112,0.02760,0.00390,0.00335,0.00158,0.00279,0.01608,0.00065,0.66139,0.01118,0.66926,4.42216,0.66472,8.50466,11.22254,0.10730,0.24824,2.12748,12.33301,2.17287,0.07075,0.20075,2.78151,0.66472,1.27320,1.82008,0.03258,1.58035,0.79318,1.78961,0.20058,0.04174,0.01775,0.01629,0.03193,0.27652,0.57112,0.17044,0.11646,0.01216,0.00543,0.00000,0.01969,0.01005,0.01751,0.01556,0.01994,0.02140,0.01313,0.00000,0.00000,0.00486,0.00000,0.00413,0.00000,0.00000,0.00000,0.00000,0.00000,0.00000,0.00000,0.00000,55.07681,0.00837,0.21767,0.01853,0.16706,0.65839,0.00000,0.03875,0.04911,0.03317,0.15421,0.04812,0.00080,1.39419,0.00227,0.01037,0.12797,0.24256,0.00105,0.00584,0.05535,0.47346,0.11144,0.02253,0.03647,0.01410,0.02926,0.05511,0.01751,0.04166,0.02926,0.03136,0.00843,0.00543,0.00859,0.09912,0.01921,0.01434,0.00916,0.00308,0.00348,1.47840,0.00363,0.03025,0.00233,0.00251,0.03733,0.00268,0.01823,0.00406,0.00207,0.00130,0.00000,0.10059,0.00821,0.21319,0.00000,0.00109,0.00656,0.00935,0.01712,0.16049,0.05876,0.01785,0.03326,0.21451,1.29373,0.07405,0.06580,0.05706,0.77330,0.16146,0.47066,0.61548,0.05803,3.77120,0.75363,4.98347,0.36419,0.05050,0.04322,0.09675,0.09906,1.25088,4.43682,0.43533,0.68893,0.07102,0.00862,0.06810,0.20601,0.10416,0.06871,0.05924,0.08959,0.03569,0.00000,0.00036,0.05560,0.03751,0.15587,0.04079,0.01602,0.00425,0.00000,0.00000,0.00000,0.00000,0.00000,22.08408,0.00000,0.00000,0.00000,0.00134,0.00000,0.00134,0.00000,0.00000,0.00328,0.00316,0.00000,0.00000,0.00947,0.05426,0.00510,0.01445,0.03083,0.00983,0.00765,0.01226,0.00194,0.18817,0.05050,0.10537,0.00971,0.00643,0.00364,0.19946,0.14628,0.05499,0.06519,0.00935,0.16668,1.15801,0.01758,0.00000,0.01072,0.01613,0.00359,0.03157,0.46438,0.02937,0.02331,0.00000,0.06951,0.78679,3.57327,0.04255,0.01710,0.00000,0.00000,5.08586,0.05331,0.04648,0.02666,0.03229,0.05365,0.47434,0.05434,0.00342,0.00957,0.08595,0.03879,0.18676,0.45230,0.00000,0.02529,0.27169,0.07826,0.80378,0.18078,0.01726,0.01042,0.00120,0.01982,0.32414,6.10659,0.43179,0.69203,0.05314,0.00564,0.00273,0.00222,0.04562,0.40855,0.05160,0.06596,0.06356,0.07535,0.07467,0.05605,0.35165,0.08937,0.03042,0.01179,0.00410,0.00103,0.00154,0.00154,0.00000,11.87742,0.00000,0.00000,0.00000,0.00000,0.00854,0.00188,0.00410,0.00000,0.00290,0.00085,0.00103,0.00154,0.00496,0.00393,0.00188,0.02255,0.05417,0.00166,0.00484,0.01989,0.15641,0.10121,0.00000,0.00497,0.03353,0.34380,0.00204,0.00242,0.02320,0.00867,0.03633,0.02549,0.01836,0.05188,0.01071,0.00357,0.00905,0.05175,0.00535,0.91514
P0_C57_5,P0_C57,Hipocampo,0.05252,0.36358,0.00139,0.01201,0.13578,0.05931,0.00078,0.02718,0.00593,0.00444,0.00174,0.00146,0.01499,0.00051,0.68161,0.01052,0.67124,4.38511,0.65141,8.34775,12.30144,0.10234,0.24026,2.10913,15.25441,1.87266,0.06922,0.19278,2.71893,0.64367,1.26367,1.84087,0.03242,1.50595,0.76888,1.74314,0.20921,0.04249,0.01885,0.01763,0.03029,0.26730,0.55890,0.16309,0.10435,0.01246,0.00464,0.00000,0.02041,0.00777,0.01561,0.01692,0.01752,0.01656,0.01142,0.00049,0.00000,0.00317,0.00000,0.00213,0.00000,0.00000,0.00000,0.00000,0.00000,0.00000,0.00000,0.00000,58.26706,0.00929,0.23401,0.00794,0.15599,0.64147,0.05247,0.05906,0.05549,0.02660,0.16507,0.05505,0.00218,1.46461,0.00194,0.00864,0.13049,0.23217,0.00107,0.00603,0.05489,0.46454,0.09833,0.02188,0.03699,0.01243,0.02847,0.05285,0.01869,0.03733,0.02987,0.02964,0.00633,0.00670,0.00767,0.09534,0.01671,0.01332,0.00838,0.00263,0.00129,1.42462,0.00779,0.03433,0.00243,0.00475,0.04315,0.00247,0.02725,0.00473,0.00194,0.00251,0.00000,0.14087,0.00912,0.28133,0.00000,0.00081,0.00801,0.01021,0.01751,0.14264,0.05851,0.01757,0.02944,0.19962,1.22984,0.06601,0.05892,0.05111,0.68126,0.15486,0.45790,0.59760,0.03829,3.45749,0.68707,4.39353,0.32076,0.04987,0.04267,0.07555,0.09972,1.22626,4.14163,0.40099,0.63283,0.07965,0.00851,0.07447,0.23972,0.09122,0.06855,0.05429,0.07975,0.03107,0.00176,0.00044,0.04588,0.03761,0.14444,0.04082,0.01382,0.00248,0.00000,0.00000,0.00000,0.00000,0.00000,20.36294,0.00000,0.00000,0.00000,0.00033,0.00107,0.00141,0.00000,0.00000,0.00230,0.02485,0.00000,0.00000,0.00563,0.04329,0.00421,0.01037,0.02689,0.00592,0.00738,0.01250,0.00121,0.14171,0.04403,0.08134,0.00787,0.00498,0.00228,0.19440,0.12128,0.04014,0.04963,0.00965,0.19490,1.03677,0.00793,0.00369,0.01237,0.01921,0.00452,0.03030,0.41922,0.03977,0.01166,0.00080,0.07296,0.77422,3.41439,0.06248,0.01219,0.00078,0.00000,4.88648,0.05052,0.04517,0.02500,0.03335,0.04765,0.45508,0.05035,0.00415,0.00849,0.08616,0.03713,0.17551,0.42144,0.00241,0.02421,0.24652,0.06858,0.70409,0.16705,0.01934,0.01011,0.00044,0.01987,0.29875,5.45317,0.38753,0.60739,0.04524,0.00799,0.00294,0.00303,0.03818,0.42260,0.04496,0.05811,0.05410,0.06079,0.05693,0.04358,0.28534,0.07930,0.02825,0.01087,0.00434,0.00068,0.00097,0.00038,0.00000,10.69801,0.00000,0.00137,0.00000,0.00000,0.00625,0.00138,0.00326,0.00000,0.00100,0.00021,0.00026,0.00243,0.00338,0.00249,0.00123,0.02577,0.04902,0.00041,0.00265,0.01635,0.14474,0.09135,0.00242,0.00339,0.03652,0.31442,0.00096,0.00325,0.02184,0.00926,0.03395,0.02100,0.01124,0.04901,0.00783,0.00172,0.00760,0.06207,0.00415,0.84613
P0_KI_1,P0_KI,Hipocampo,0.05947,0.34181,0.01377,0.01690,0.12771,0.04570,0.00000,0.02629,0.00939,0.01690,0.01252,0.00000,0.02379,0.00000,0.69426,0.00164,0.51366,4.01104,0.60264,9.24865,15.19426,0.07588,0.14575,2.24570,19.35105,1.87833,0.00328,0.18778,2.43567,0.62557,1.42581,2.26317,0.02456,1.37068,0.79806,1.60758,0.17031,0.04203,0.02293,0.03111,0.03494,0.23800,0.52403,0.16049,0.08188,0.00819,0.00000,0.00000,0.02293,0.00000,0.01638,0.01474,0.01965,0.01801,0.00328,0.00000,0.00000,0.00000,0.00000,0.00000,0.00000,0.00000,0.00000,0.00000,0.00000,0.00000,0.00000,0.00000,65.41964,0.00604,0.17781,0.00000,0.09864,0.58175,0.00000,0.02550,0.02080,0.01812,0.14896,0.05636,0.00000,1.13398,0.00218,0.00437,0.14466,0.29586,0.00000,0.00000,0.05677,0.59008,0.11354,0.01911,0.03275,0.00819,0.04312,0.08952,0.02784,0.04640,0.03985,0.03930,0.00600,0.00382,0.01037,0.09444,0.00983,0.01310,0.01092,0.00109,0.00382,1.70693,0.01397,0.03783,0.00000,0.00466,0.06635,0.01455,0.05471,0.00466,0.00000,0.00698,0.00000,0.27066,0.01339,0.48777,0.00000,0.00000,0.00000,0.00000,0.00000,0.15372,0.05724,0.00000,0.01799,0.18398,1.29846,0.08667,0.03107,0.04088,0.48897,0.11120,0.38839,0.64023,0.01554,3.04908,0.58709,3.29356,0.26738,0.04824,0.03598,0.05070,0.10057,1.15209,3.48490,0.32216,0.46525,0.07359,0.01145,0.05887,0.27392,0.06133,0.05560,0.04824,0.06623,0.01962,0.00654,0.00000,0.05560,0.04170,0.12756,0.04170,0.00000,0.00409,0.00000,0.00000,0.00000,0.00000,0.00000,17.31738,0.00000,0.00000,0.00000,0.00000,0.00000,0.00000,0.00000,0.00000,0.00000,0.11447,0.00000,0.00000,0.00000,0.04661,0.00000,0.00000,0.02126,0.00981,0.00981,0.01635,0.00000,0.10957,0.02862,0.06214,0.00654,0.00000,0.00000,0.18070,0.09730,0.03925,0.03434,0.01145,0.20523,0.99347,0.00000,0.00000,0.00000,0.05126,0.01985,0.00902,0.30466,0.00939,0.02382,0.00000,0.07725,0.72411,2.82640,0.13175,0.00000,0.01516,0.00000,4.19267,0.04143,0.06445,0.02762,0.03798,0.03683,0.34987,0.06905,0.01611,0.01266,0.06445,0.01957,0.11164,0.30844,0.00000,0.01841,0.15537,0.02992,0.43849,0.11624,0.00230,0.00806,0.00000,0.01957,0.17033,3.39630,0.22212,0.35563,0.02647,0.01036,0.00115,0.00460,0.03453,0.36944,0.02302,0.05064,0.03453,0.06215,0.02302,0.03568,0.15537,0.04604,0.02532,0.00345,0.00000,0.00000,0.00000,0.00000,0.00000,6.99861,0.00691,0.00000,0.00000,0.00000,0.00000,0.00000,0.00000,0.00000,0.00575,0.00230,0.00691,0.00345,0.00000,0.00575,0.00230,0.03453,0.06790,0.00343,0.00944,0.01030,0.10303,0.12020,0.00000,0.01803,0.05066,0.33228,0.00000,0.00000,0.02748,0.00687,0.05152,0.03778,0.01288,0.05323,0.00515,0.00086,0.01202,0.11419,0.01803,0.98739
P0_KI_2,P0_KI,Hipocampo,0.05413,0.35104,0.00796,0.00955,0.16239,0.10826,0.00000,0.03582,0.00000,0.00716,0.00000,0.00000,0.01114,0.00000,0.74746,0.00208,0.52196,3.63429,0.61636,8.46381,14.51216,0.07357,0.14368,2.32036,18.55874,1.88864,0.01458,0.23669,2.66394,0.59137,1.42984,2.07188,0.03956,1.41596,0.80238,1.52354,0.17491,0.04095,0.00625,0.01458,0.03193,0.26931,0.49142,0.11869,0.07080,0.01041,0.00000,0.00000,0.01458,0.00000,0.02291,0.01041,0.02291,0.01041,0.00000,0.00000,0.00000,0.00000,0.00000,0.00000,0.00000,0.00000,0.00000,0.00000,0.00000,0.00000,0.00000,0.00000,62.83583,0.00768,0.20562,0.00000,0.09982,0.64758,0.02730,0.06058,0.00000,0.00000,0.17917,0.09470,0.00171,1.32416,0.00694,0.01596,0.10897,0.28041,0.00000,0.00416,0.05761,0.54001,0.10064,0.02013,0.04165,0.01666,0.02568,0.08052,0.03123,0.05275,0.03401,0.03540,0.00764,0.00486,0.01735,0.10342,0.01874,0.01874,0.01596,0.00000,0.01111,1.65056,0.00444,0.04811,0.00666,0.00370,0.06661,0.00074,0.04071,0.01480,0.00000,0.01332,0.00740,0.22425,0.00592,0.43667,0.00000,0.00000,0.00624,0.00520,0.00936,0.11749,0.04471,0.00936,0.00000,0.17155,1.18318,0.08837,0.04575,0.02079,0.53441,0.11645,0.40340,0.65813,0.03535,2.95379,0.57807,3.24594,0.27760,0.03639,0.04887,0.04575,0.10293,1.21229,3.46740,0.26928,0.49178,0.09669,0.00832,0.09981,0.30151,0.08110,0.07382,0.04575,0.06238,0.00624,0.03015,0.00000,0.02391,0.03431,0.12476,0.05302,0.00624,0.00000,0.00000,0.00000,0.00000,0.00000,0.00000,17.22783,0.00000,0.00000,0.00000,0.00000,0.00624,0.00624,0.00000,0.00000,0.00000,0.01456,0.00000,0.00000,0.00000,0.03119,0.00000,0.00208,0.01456,0.00312,0.00000,0.00000,0.00000,0.12996,0.01456,0.06654,0.00832,0.00000,0.00000,0.18923,0.10813,0.02807,0.01871,0.01144,0.23601,0.87647,0.00000,0.11888,0.03534,0.00734,0.00000,0.02249,0.43420,0.02433,0.01652,0.00000,0.10511,0.67701,3.00730,0.10832,0.00459,0.00000,0.00000,4.56144,0.05268,0.06878,0.02634,0.05268,0.04244,0.51951,0.08781,0.00732,0.01171,0.06878,0.02927,0.18146,0.45366,0.00000,0.01024,0.21512,0.07756,0.57512,0.16098,0.02488,0.01024,0.00000,0.00732,0.19902,4.49855,0.30000,0.64098,0.07317,0.01317,0.00000,0.00585,0.03951,0.44781,0.06000,0.07317,0.04390,0.07024,0.05122,0.04537,0.25902,0.06732,0.02341,0.01317,0.00439,0.00000,0.00000,0.00000,0.00000,9.61319,0.00000,0.00878,0.00000,0.00000,0.00732,0.00000,0.00878,0.00000,0.00732,0.00000,0.00000,0.00000,0.00000,0.00000,0.00000,0.03073,0.06293,0.00000,0.00000,0.01965,0.08843,0.10044,0.00000,0.00328,0.00546,0.23909,0.00109,0.00000,0.01856,0.00873,0.03275,0.01856,0.01965,0.05459,0.00000,0.00000,0.00000,0.04039,0.00655,0.65723
P0_KI_3,P0_KI,Hipocampo,0.04744,0.35424,0.00000,0.00309,0.15160,0.05311,0.00000,0.02784,0.00309,0.00000,0.00413,0.00309,0.02114,0.00000,0.66879,0.00000,0.34621,3.21341,0.47480,8.02117,14.79465,0.07329,0.15647,2.20582,18.71891,2.11095,0.03912,0.16681,2.55517,0.53280,1.40101,1.93156,0.02833,1.45002,0.78818,1.64380,0.18075,0.02788,0.02967,0.02563,0.02878,0.26078,0.49368,0.14298,0.08902,0.00000,0.00585,0.00000,0.01619,0.00854,0.01079,0.01484,0.01619,0.01349,0.00944,0.00000,0.00000,0.00000,0.00000,0.00000,0.00000,0.00000,0.00000,0.00000,0.00000,0.00000,0.00000,0.00000,62.02693,0.00663,0.20947,0.03813,0.13430,0.80415,0.00000,0.10888,0.01879,0.04145,0.17244,0.07461,0.00000,1.60885,0.00180,0.00899,0.14208,0.31114,0.00000,0.00270,0.06160,0.59664,0.11915,0.03057,0.04047,0.00809,0.02608,0.07913,0.01754,0.04092,0.05171,0.03372,0.00764,0.00450,0.00585,0.08183,0.02293,0.01619,0.00899,0.00495,0.00000,1.72518,0.00863,0.01822,0.00144,0.00815,0.04171,0.00048,0.02493,0.00959,0.00288,0.00575,0.00000,0.12801,0.01390,0.26368,0.00000,0.00000,0.00000,0.00000,0.00808,0.12055,0.04310,0.00808,0.00876,0.20003,1.21902,0.03300,0.02155,0.03165,0.47750,0.13605,0.43710,0.59402,0.04916,2.94585,0.55832,3.73518,0.26872,0.04782,0.04782,0.05590,0.09900,1.21565,3.45029,0.31183,0.58728,0.07880,0.00337,0.06870,0.26401,0.07880,0.05994,0.05994,0.07476,0.02020,0.00000,0.00000,0.03772,0.03233,0.16366,0.05051,0.01414,0.00000,0.00000,0.00000,0.00000,0.00000,0.00000,17.71818,0.00000,0.00000,0.00000,0.00000,0.00000,0.00000,0.00000,0.00000,0.00000,0.08621,0.00000,0.00000,0.00404,0.05253,0.00202,0.00000,0.02357,0.00606,0.01010,0.01751,0.00000,0.12662,0.04176,0.07745,0.00135,0.00000,0.00000,0.17511,0.11247,0.03233,0.05455,0.00741,0.19531,1.02640,0.00000,0.00000,0.02200,0.01546,0.00000,0.01457,0.39811,0.00505,0.02408,0.00000,0.09752,0.67492,2.93278,0.09336,0.03419,0.00000,0.00000,4.31205,0.05688,0.04171,0.02275,0.03128,0.05593,0.54413,0.05119,0.00758,0.00190,0.09290,0.02465,0.18580,0.44744,0.00284,0.02654,0.17917,0.07584,0.60859,0.15262,0.01896,0.01801,0.00000,0.00758,0.27112,4.41561,0.33368,0.64272,0.05877,0.00569,0.00095,0.00379,0.02275,0.38108,0.03887,0.04455,0.04550,0.05403,0.05309,0.03792,0.29576,0.06920,0.02370,0.01138,0.00284,0.00000,0.00000,0.00284,0.00000,9.47015,0.00000,0.00000,0.00000,0.00000,0.00758,0.00000,0.00284,0.00000,0.00000,0.00000,0.00000,0.00000,0.00000,0.00474,0.00190,0.01422,0.03128,0.00000,0.00000,0.01485,0.18246,0.13720,0.00354,0.01061,0.04809,0.46251,0.00000,0.00071,0.03112,0.01627,0.03819,0.03112,0.00636,0.07355,0.01273,0.00283,0.00566,0.06648,0.00424,1.14850
P0_KI_4,P0_KI,Hipocampo,0.04235,0.35711,0.00045,0.00535,0.13776,0.05127,0.00000,0.03210,0.00401,0.00000,0.00624,0.00000,0.01293,0.00178,0.65135,0.00350,0.49643,3.77664,0.62043,8.70319,14.28204,0.07736,0.26007,2.43198,18.32692,1.85431,0.06531,0.15938,2.61041,0.66009,1.38043,2.03974,0.01866,1.41114,0.79809,1.62300,0.16211,0.04626,0.01399,0.01983,0.03071,0.25346,0.49798,0.13995,0.07697,0.00816,0.00389,0.00000,0.01749,0.00855,0.01866,0.01516,0.01399,0.01283,0.01166,0.00000,0.00000,0.00000,0.00000,0.00000,0.00000,0.00000,0.00000,0.00000,0.00000,0.00000,0.00000,0.00000,62.95077,0.01147,0.22698,0.00000,0.12185,0.65943,0.13428,0.05830,0.03918,0.04874,0.17346,0.06451,0.00096,1.53916,0.00505,0.01127,0.11934,0.29117,0.00272,0.00350,0.05442,0.52053,0.12051,0.02877,0.03615,0.02916,0.03887,0.07308,0.01866,0.04587,0.04121,0.03732,0.00661,0.00389,0.02255,0.11623,0.01983,0.02099,0.00428,0.00311,0.00155,1.67665,0.00497,0.03689,0.00124,0.00580,0.05472,0.00290,0.03399,0.00207,0.00249,0.01244,0.00000,0.23006,0.01326,0.40084,0.00000,0.00000,0.00000,0.00990,0.01747,0.13393,0.06697,0.01572,0.01106,0.22535,1.23216,0.07395,0.02912,0.04484,0.53165,0.12811,0.41111,0.67955,0.02329,3.13397,0.58755,3.35525,0.33541,0.05008,0.04658,0.06580,0.11879,1.12793,3.60855,0.33948,0.51301,0.09957,0.00291,0.08036,0.26320,0.07162,0.07104,0.06231,0.06464,0.02620,0.00000,0.00000,0.03436,0.02271,0.13277,0.05066,0.01048,0.00000,0.00000,0.00000,0.00000,0.00000,0.00000,17.90941,0.00000,0.00000,0.00000,0.00000,0.00000,0.00000,0.00000,0.00000,0.00000,0.00641,0.00000,0.00000,0.00000,0.05066,0.00349,0.00990,0.02038,0.00175,0.00524,0.01165,0.00000,0.10249,0.05183,0.06871,0.00641,0.00000,0.00000,0.19158,0.09375,0.03319,0.03144,0.00815,0.23700,0.93402,0.00000,0.01337,0.00745,0.06195,0.01105,0.01568,0.31336,0.05373,0.00617,0.00000,0.07429,0.65912,2.79560,0.02905,0.02185,0.00000,0.00000,4.06268,0.04918,0.04344,0.03442,0.02705,0.04098,0.40161,0.05901,0.00410,0.00656,0.07295,0.02623,0.17540,0.47292,0.00738,0.01311,0.19179,0.05328,0.54341,0.14179,0.01885,0.01311,0.00000,0.01147,0.22458,4.27513,0.30572,0.54341,0.06311,0.01475,0.00328,0.00574,0.03688,0.42292,0.02131,0.06311,0.03688,0.06639,0.04590,0.03524,0.24097,0.05491,0.02787,0.00984,0.00984,0.00000,0.00000,0.00000,0.00000,8.91581,0.00000,0.00492,0.00000,0.00000,0.00656,0.01147,0.00000,0.00000,0.00000,0.00000,0.00000,0.00246,0.00902,0.00410,0.00410,0.02213,0.06475,0.00978,0.00000,0.02201,0.13207,0.09661,0.00122,0.00550,0.04525,0.35037,0.00000,0.00061,0.01957,0.00856,0.04219,0.01590,0.00734,0.04708,0.00917,0.00061,0.00856,0.06298,0.00917,0.89456
P0_KI_5,P0_KI,Hipocampo,0.05085,0.35105,0.00554,0.00872,0.14486,0.06458,0.00000,0.03051,0.00412,0.00602,0.00572,0.00077,0.01725,0.00045,0.69047,0.00180,0.46956,3.65885,0.57856,8.60920,14.69578,0.07502,0.17649,2.30097,18.73890,1.93306,0.03057,0.18766,2.56630,0.60245,1.40927,2.07659,0.02778,1.41195,0.79668,1.59948,0.17202,0.03928,0.01821,0.02279,0.03159,0.25539,0.50178,0.14053,0.07967,0.00669,0.00243,0.00000,0.01780,0.00427,0.01718,0.01379,0.01818,0.01369,0.00609,0.00000,0.00000,0.00000,0.00000,0.00000,0.00000,0.00000,0.00000,0.00000,0.00000,0.00000,0.00000,0.00000,63.30829,0.00795,0.20497,0.00953,0.11365,0.67323,0.04039,0.06331,0.01969,0.02708,0.16851,0.07255,0.00067,1.40154,0.00399,0.01015,0.12876,0.29464,0.00068,0.00259,0.05760,0.56182,0.11346,0.02464,0.03775,0.01552,0.03344,0.08056,0.02382,0.04648,0.04169,0.03644,0.00697,0.00427,0.01403,0.09898,0.01783,0.01725,0.01004,0.00229,0.00412,1.68983,0.00800,0.03526,0.00234,0.00558,0.05735,0.00467,0.03859,0.00778,0.00134,0.00962,0.00185,0.21324,0.01162,0.39724,0.00000,0.00000,0.00156,0.00377,0.00873,0.13142,0.05300,0.00829,0.00945,0.19523,1.23320,0.07050,0.03187,0.03454,0.50813,0.12295,0.41000,0.64298,0.03084,3.02067,0.57776,3.40748,0.28728,0.04563,0.04481,0.05454,0.10532,1.17699,3.50278,0.31069,0.51433,0.08716,0.00651,0.07693,0.27566,0.07321,0.06510,0.05406,0.06700,0.01807,0.00917,0.00000,0.03790,0.03276,0.13719,0.04897,0.00772,0.00102,0.00000,0.00000,0.00000,0.00000,0.00000,17.54320,0.00000,0.00000,0.00000,0.00000,0.00156,0.00156,0.00000,0.00000,0.00000,0.05541,0.00000,0.00000,0.00101,0.04525,0.00138,0.00299,0.01994,0.00518,0.00629,0.01138,0.00000,0.11716,0.03419,0.06871,0.00565,0.00000,0.00000,0.18415,0.10291,0.03321,0.03476,0.00961,0.21839,0.95759,0.00000,0.03306,0.01620,0.03400,0.00773,0.01544,0.36259,0.02312,0.01765,0.00000,0.08854,0.68379,2.89052,0.09062,0.01516,0.00379,0.00000,4.28221,0.05004,0.05460,0.02778,0.03725,0.04404,0.45378,0.06677,0.00878,0.00821,0.07477,0.02493,0.16358,0.42061,0.00256,0.01708,0.18536,0.05915,0.54140,0.14291,0.01625,0.01236,0.00000,0.01149,0.21626,4.14640,0.29038,0.54568,0.05538,0.01099,0.00134,0.00500,0.03342,0.40531,0.03580,0.05787,0.04020,0.06320,0.04331,0.03855,0.23778,0.05937,0.02508,0.00946,0.00427,0.00000,0.00000,0.00071,0.00000,8.74944,0.00173,0.00342,0.00000,0.00000,0.00536,0.00287,0.00291,0.00000,0.00327,0.00058,0.00173,0.00148,0.00225,0.00365,0.00207,0.02540,0.05672,0.00330,0.00236,0.01670,0.12650,0.11361,0.00119,0.00935,0.03736,0.34606,0.00027,0.00033,0.02418,0.01011,0.04116,0.02584,0.01156,0.05711,0.00676,0.00107,0.00656,0.07101,0.00950,0.92192
P0_3xAD_1,P0_3xAD,Hipocampo,0.05385,0.35013,0.00162,0.00901,0.16571,0.06263,0.00000,0.02496,0.00347,0.00485,0.00324,0.00139,0.01225,0.00162,0.69472,0.00181,0.42057,3.36636,0.57433,8.70780,13.85537,0.04675,0.16988,2.10586,19.01423,2.00591,0.04232,0.14912,1.80480,0.48788,1.56197,2.24894,0.03386,1.18009,0.65977,1.32559,0.18499,0.08262,0.04051,0.03204,0.02015,0.24626,0.54047,0.13602,0.07496,0.01270,0.00443,0.00000,0.00786,0.00504,0.01088,0.01511,0.02176,0.02116,0.00786,0.00000,0.00000,0.00000,0.00000,0.00000,0.00000,0.00000,0.00000,0.00000,0.00000,0.00000,0.00000,0.00000,61.22803,0.00892,0.28635,0.01263,0.09735,0.50013,0.00050,0.08521,0.08051,0.02750,0.16423,0.05648,0.00000,1.31980,0.00141,0.01068,0.16343,0.30691,0.00000,0.00363,0.06449,0.57574,0.13804,0.01733,0.02841,0.01149,0.03466,0.06872,0.02237,0.04796,0.03164,0.02902,0.00403,0.00685,0.01411,0.08020,0.02055,0.01753,0.00766,0.00282,0.00262,1.71230,0.00709,0.02944,0.00258,0.00494,0.04577,0.00150,0.02084,0.00236,0.00193,0.00451,0.00279,0.12635,0.00688,0.25699,0.00000,0.00000,0.00000,0.00000,0.01268,0.15002,0.07999,0.00815,0.02475,0.22277,1.51080,0.09448,0.02868,0.03502,0.45581,0.12346,0.53821,0.84852,0.02747,2.75204,0.56719,3.30232,0.34593,0.05494,0.04498,0.07848,0.08965,1.13076,3.65006,0.30910,0.52765,0.09780,0.01328,0.06882,0.22971,0.05796,0.08301,0.06671,0.06248,0.02988,0.00000,0.00000,0.03773,0.03441,0.12587,0.03803,0.01087,0.00513,0.00000,0.00000,0.00000,0.00000,0.00000,17.97563,0.00000,0.00000,0.00000,0.00513,0.00634,0.01147,0.00000,0.00000,0.00634,0.00000,0.00000,0.00000,0.01177,0.06430,0.01087,0.00966,0.02143,0.00815,0.01358,0.02596,0.00000,0.13916,0.03954,0.07909,0.01419,0.00332,0.00091,0.16723,0.16180,0.04528,0.05433,0.01419,0.16904,1.06012,0.00000,0.00000,0.00906,0.03531,0.00000,0.03811,0.30117,0.07103,0.02399,0.00253,0.07089,0.94414,3.36852,0.17177,0.01133,0.00000,0.00000,5.04786,0.03696,0.04929,0.01784,0.02677,0.05693,0.46184,0.06501,0.00000,0.00850,0.06331,0.02762,0.20946,0.56891,0.00382,0.01827,0.16698,0.05438,0.54172,0.14106,0.02762,0.01700,0.00000,0.01615,0.29869,4.28233,0.31398,0.48691,0.05821,0.00892,0.00552,0.00297,0.03059,0.36199,0.03399,0.06458,0.07138,0.06628,0.04801,0.04631,0.19247,0.09220,0.02974,0.01147,0.00382,0.00000,0.00255,0.00000,0.00000,9.09236,0.00000,0.00000,0.00000,0.00000,0.00722,0.00340,0.00382,0.00000,0.00000,0.00000,0.00255,0.00255,0.00212,0.00340,0.00212,0.01784,0.04504,0.00000,0.00063,0.02282,0.32046,0.14137,0.00063,0.00380,0.07671,0.69321,0.00032,0.00222,0.02631,0.02060,0.06656,0.03106,0.01521,0.05579,0.01521,0.00000,0.00634,0.05167,0.00475,1.55569
P0_3xAD_2,P0_3xAD,Hipocampo,0.06344,0.34684,0.00042,0.00626,0.16403,0.05927,0.00000,0.01753,0.00125,0.00876,0.00334,0.00376,0.01336,0.00000,0.68825,0.00218,0.50842,3.66008,0.67692,9.34982,13.65552,0.05277,0.14848,2.33136,20.27111,1.94450,0.05459,0.15795,1.84769,0.54918,1.73560,2.77427,0.05131,1.38768,0.65217,1.37421,0.18888,0.06296,0.02730,0.02511,0.02220,0.29078,0.61796,0.13102,0.08516,0.01201,0.00582,0.00000,0.01201,0.00473,0.00983,0.01965,0.02730,0.01638,0.00764,0.00000,0.00000,0.00000,0.00000,0.00000,0.00000,0.00000,0.00000,0.00000,0.00000,0.00000,0.00000,0.00000,64.75255,0.00537,0.29973,0.00805,0.06173,0.45630,0.03176,0.03042,0.08366,0.00000,0.19057,0.06979,0.00224,1.23962,0.00255,0.01601,0.15540,0.28787,0.00000,0.00437,0.06514,0.60959,0.13684,0.03021,0.03275,0.01310,0.04294,0.08480,0.03057,0.04840,0.03967,0.03603,0.00510,0.00910,0.01565,0.09462,0.02184,0.01965,0.01055,0.00000,0.00255,1.81530,0.00466,0.03570,0.00349,0.01009,0.06403,0.00621,0.05161,0.00893,0.00466,0.00582,0.00388,0.27126,0.01940,0.48973,0.00000,0.00164,0.00164,0.00763,0.01635,0.17118,0.07414,0.01145,0.02344,0.22405,1.59673,0.10521,0.03053,0.04688,0.46010,0.11666,0.50589,0.93220,0.01690,2.74752,0.55496,2.95631,0.27475,0.05669,0.05179,0.07632,0.08831,1.07884,3.64483,0.32109,0.41649,0.09322,0.01254,0.05397,0.23169,0.03761,0.05015,0.06160,0.05724,0.02126,0.00000,0.00000,0.03053,0.02617,0.08831,0.04252,0.00491,0.00000,0.00000,0.00000,0.00000,0.00000,0.00000,17.42224,0.00000,0.00000,0.00000,0.00000,0.00164,0.00164,0.00000,0.00000,0.00327,0.01744,0.00000,0.00000,0.00981,0.05724,0.01308,0.00927,0.01581,0.00000,0.01472,0.01908,0.00218,0.11721,0.03707,0.05288,0.00927,0.00000,0.00818,0.16300,0.13356,0.03271,0.03761,0.00436,0.16463,0.92238,0.00000,0.02551,0.01492,0.04934,0.00313,0.01107,0.33380,0.06474,0.02022,0.01107,0.06450,0.66615,2.98034,0.13044,0.01324,0.00000,0.00000,4.38845,0.03453,0.04297,0.01611,0.02532,0.04527,0.36908,0.04374,0.00384,0.01074,0.05218,0.01995,0.14579,0.55093,0.00230,0.01228,0.13351,0.04067,0.36140,0.08901,0.02225,0.01688,0.00537,0.01304,0.19643,3.56032,0.23556,0.35680,0.04297,0.01151,0.00000,0.00537,0.02072,0.29925,0.01304,0.03606,0.05294,0.03453,0.02686,0.03069,0.13351,0.04911,0.00998,0.01151,0.00460,0.00230,0.00230,0.00000,0.00000,7.19353,0.00000,0.00000,0.00000,0.00230,0.00384,0.00000,0.00691,0.00000,0.00000,0.00000,0.00000,0.00230,0.00000,0.00384,0.00000,0.01842,0.03760,0.00000,0.00000,0.01374,0.20436,0.10590,0.00000,0.00343,0.04923,0.41387,0.00000,0.00401,0.02519,0.00286,0.04980,0.02347,0.01546,0.04064,0.01030,0.00229,0.00630,0.07098,0.00687,1.04870
P0_3xAD_3,P0_3xAD,Hipocampo,0.05502,0.31627,0.00000,0.00808,0.14775,0.05464,0.00000,0.01154,0.00346,0.00577,0.00308,0.00115,0.01578,0.00269,0.62524,0.00101,0.53411,3.61866,0.75185,9.59553,13.37355,0.05267,0.19325,2.47831,20.52701,1.92843,0.02516,0.13252,1.71137,0.58477,1.87677,2.75577,0.03724,1.21685,0.60524,1.24670,0.24458,0.07616,0.03120,0.01912,0.02147,0.28718,0.57269,0.13688,0.07549,0.02315,0.00436,0.00000,0.01006,0.00738,0.00805,0.02416,0.02516,0.01409,0.00906,0.00000,0.00000,0.00000,0.00000,0.00000,0.00000,0.00000,0.00000,0.00000,0.00000,0.00000,0.00000,0.00000,64.83701,0.00866,0.29487,0.03464,0.05939,0.40456,0.08248,0.06268,0.09815,0.00000,0.18682,0.08289,0.00949,1.32463,0.00335,0.01275,0.15533,0.29759,0.00000,0.00503,0.07113,0.63543,0.11910,0.01778,0.02516,0.02416,0.03758,0.07314,0.01208,0.03959,0.03657,0.02919,0.00671,0.00436,0.01040,0.09025,0.02214,0.01409,0.00772,0.00000,0.00000,1.75062,0.00966,0.04364,0.00322,0.00715,0.05473,0.00358,0.03470,0.00394,0.00322,0.00429,0.00000,0.22216,0.01145,0.40174,0.00000,0.00000,0.00302,0.00553,0.02111,0.15177,0.08041,0.01055,0.03216,0.22012,1.60765,0.09699,0.01910,0.02663,0.44676,0.12865,0.52818,0.91212,0.02010,2.60369,0.54627,2.73134,0.37842,0.07337,0.04322,0.06131,0.08141,1.06841,3.27409,0.28243,0.34625,0.09046,0.01307,0.05729,0.21358,0.04523,0.06131,0.06583,0.04824,0.01508,0.01307,0.00000,0.02965,0.03015,0.08141,0.05277,0.00603,0.00000,0.00000,0.00000,0.00000,0.00000,0.00000,16.62424,0.00000,0.00000,0.00000,0.00000,0.00000,0.00000,0.00000,0.00000,0.00000,0.02965,0.00000,0.00000,0.00905,0.06031,0.00452,0.01005,0.01910,0.00452,0.01658,0.02060,0.00000,0.11257,0.02814,0.05176,0.01307,0.00101,0.00000,0.16685,0.10352,0.03317,0.03317,0.01457,0.15931,0.89152,0.00000,0.00688,0.00577,0.02951,0.00355,0.03350,0.32169,0.06434,0.01997,0.00000,0.06744,0.75653,3.04431,0.28131,0.02285,0.00000,0.00000,4.65764,0.03395,0.03749,0.02334,0.02334,0.05447,0.39117,0.03395,0.00141,0.01203,0.07356,0.02051,0.14713,0.50788,0.00424,0.00920,0.15067,0.05022,0.41168,0.16057,0.02051,0.01556,0.00000,0.00990,0.25111,3.96118,0.24262,0.33316,0.06508,0.01273,0.00283,0.00071,0.02122,0.34165,0.03112,0.05447,0.05305,0.04032,0.02688,0.03466,0.08913,0.08135,0.01556,0.01061,0.00849,0.00000,0.00424,0.00000,0.00000,7.87497,0.00000,0.00000,0.00000,0.00000,0.00566,0.00141,0.00000,0.00424,0.00354,0.00000,0.00212,0.00849,0.00354,0.00354,0.00354,0.01485,0.05093,0.00369,0.00897,0.00475,0.16939,0.10554,0.00000,0.01108,0.04063,0.35462,0.00000,0.00053,0.01372,0.00897,0.04433,0.01530,0.01266,0.03905,0.01425,0.00000,0.00580,0.09868,0.00950,0.96148
P0_3xAD_4,P0_3xAD,Hipocampo,0.08626,0.32794,0.00085,0.01537,0.15885,0.05210,0.00000,0.01537,0.00512,0.01537,0.00427,0.00000,0.00171,0.00342,0.68663,0.00000,0.50861,3.71589,0.73275,9.46920,13.61923,0.04989,0.14521,2.27049,20.37337,2.03071,0.04691,0.18021,1.87731,0.53616,1.74178,2.82825,0.06255,1.25998,0.65307,1.38881,0.21446,0.08415,0.02457,0.01787,0.02085,0.26883,0.56967,0.17872,0.06925,0.01787,0.00298,0.00000,0.00000,0.00000,0.00000,0.02234,0.02457,0.02011,0.00000,0.00000,0.00000,0.00000,0.00000,0.00000,0.00000,0.00000,0.00000,0.00000,0.00000,0.00000,0.00000,0.00000,65.02665,0.00549,0.25356,0.03570,0.06591,0.49430,0.14188,0.01282,0.07781,0.00000,0.11534,0.06591,0.00000,1.26869,0.00745,0.01043,0.14595,0.26957,0.00000,0.00894,0.06181,0.60616,0.12138,0.02606,0.03351,0.00447,0.04319,0.06851,0.02904,0.05436,0.04319,0.02904,0.00149,0.00745,0.00298,0.10872,0.03128,0.01564,0.00149,0.00596,0.00745,1.74550,0.01429,0.03256,0.00715,0.01112,0.06670,0.00318,0.03176,0.02541,0.00000,0.00238,0.00000,0.20486,0.01826,0.41766,0.00000,0.00000,0.00335,0.01227,0.01339,0.15616,0.07474,0.01673,0.01785,0.18070,1.56052,0.09147,0.02566,0.03235,0.45957,0.09481,0.46291,0.90017,0.02789,2.64362,0.44618,2.78640,0.30117,0.04239,0.04239,0.07920,0.08366,1.04629,3.20135,0.37591,0.45734,0.09035,0.00223,0.05020,0.26659,0.04685,0.07250,0.03904,0.06693,0.02677,0.00000,0.00000,0.00000,0.02342,0.09370,0.05020,0.00000,0.00000,0.00000,0.00000,0.00000,0.00000,0.00000,16.46520,0.00000,0.00000,0.00000,0.00000,0.00669,0.00669,0.00000,0.00000,0.00335,0.02566,0.00000,0.00000,0.00000,0.06358,0.00335,0.00000,0.01562,0.00669,0.01673,0.01562,0.00000,0.11601,0.02900,0.06135,0.00558,0.00000,0.00335,0.14612,0.12939,0.02008,0.03681,0.00000,0.19967,0.89794,0.00000,0.00000,0.02758,0.04481,0.02265,0.03152,0.28709,0.03201,0.01182,0.00000,0.03004,0.68497,3.01516,0.11621,0.00345,0.00000,0.00000,4.30730,0.03297,0.04553,0.01884,0.04239,0.04553,0.37838,0.08007,0.00314,0.01727,0.06437,0.02198,0.15229,0.56208,0.00471,0.01099,0.15543,0.05966,0.40036,0.14444,0.01727,0.01570,0.00000,0.00785,0.23708,3.90784,0.26063,0.45217,0.05966,0.00471,0.00628,0.00628,0.03297,0.40978,0.02669,0.02669,0.05652,0.07536,0.03611,0.02983,0.13659,0.06280,0.02983,0.01884,0.00471,0.00000,0.00471,0.00000,0.00000,8.16736,0.00000,0.00000,0.00000,0.00000,0.00000,0.00000,0.00000,0.00000,0.01727,0.00000,0.00000,0.00000,0.00000,0.01256,0.00000,0.03297,0.06280,0.00000,0.01288,0.00000,0.15812,0.09019,0.00000,0.00000,0.04100,0.39356,0.00117,0.00117,0.01288,0.00937,0.06325,0.03748,0.00351,0.04100,0.00703,0.00000,0.00000,0.06794,0.00703,0.94758
P0_3xAD_5,P0_3xAD,Hipocampo,0.06464,0.33530,0.00072,0.00968,0.15908,0.05716,0.00000,0.01735,0.00333,0.00869,0.00348,0.00157,0.01077,0.00193,0.67371,0.00125,0.49293,3.59025,0.68396,9.28059,13.62592,0.05052,0.16421,2.29651,20.04643,1.97739,0.04225,0.15495,1.81029,0.53950,1.72903,2.65181,0.04624,1.26115,0.64256,1.33383,0.20823,0.07647,0.03089,0.02354,0.02117,0.27326,0.57520,0.14566,0.07622,0.01643,0.00440,0.00000,0.00748,0.00429,0.00719,0.02032,0.02470,0.01793,0.00614,0.00000,0.00000,0.00000,0.00000,0.00000,0.00000,0.00000,0.00000,0.00000,0.00000,0.00000,0.00000,0.00000,63.96106,0.00711,0.28363,0.02276,0.07109,0.46382,0.06415,0.04778,0.08503,0.00687,0.16424,0.06877,0.00293,1.28818,0.00369,0.01247,0.15503,0.29048,0.00000,0.00549,0.06564,0.60673,0.12884,0.02285,0.02996,0.01330,0.03959,0.07379,0.02351,0.04758,0.03777,0.03082,0.00433,0.00694,0.01078,0.09345,0.02395,0.01673,0.00685,0.00219,0.00315,1.75593,0.00892,0.03533,0.00411,0.00833,0.05781,0.00362,0.03473,0.01016,0.00245,0.00425,0.00167,0.20616,0.01400,0.39153,0.00000,0.00041,0.00200,0.00636,0.01588,0.15728,0.07732,0.01172,0.02455,0.21191,1.56892,0.09704,0.02599,0.03522,0.45556,0.11590,0.50880,0.89825,0.02309,2.68672,0.52865,2.94409,0.32507,0.05685,0.04559,0.07383,0.08576,1.08108,3.44258,0.32213,0.43693,0.09296,0.01028,0.05757,0.23539,0.04691,0.06674,0.05830,0.05872,0.02325,0.00327,0.00000,0.02448,0.02854,0.09732,0.04588,0.00545,0.00128,0.00000,0.00000,0.00000,0.00000,0.00000,17.12183,0.00000,0.00000,0.00000,0.00128,0.00367,0.00495,0.00000,0.00000,0.00324,0.01819,0.00000,0.00000,0.00766,0.06136,0.00795,0.00724,0.01799,0.00484,0.01540,0.02032,0.00055,0.12123,0.03344,0.06127,0.01052,0.00108,0.00311,0.16080,0.13207,0.03281,0.04048,0.00828,0.17316,0.94299,0.00000,0.00810,0.01433,0.03974,0.00733,0.02855,0.31094,0.05803,0.01900,0.00340,0.05822,0.76295,3.10208,0.17493,0.01272,0.00000,0.00000,4.60031,0.03460,0.04382,0.01904,0.02946,0.05055,0.40012,0.05569,0.00210,0.01213,0.06336,0.02252,0.16367,0.54745,0.00377,0.01268,0.15165,0.05123,0.42879,0.13377,0.02191,0.01628,0.00134,0.01174,0.24583,3.92792,0.26320,0.40726,0.05648,0.00947,0.00366,0.00383,0.02637,0.35317,0.02621,0.04545,0.05847,0.05412,0.03446,0.03537,0.13793,0.07136,0.02128,0.01311,0.00541,0.00058,0.00345,0.00000,0.00000,8.08205,0.00000,0.00000,0.00000,0.00058,0.00418,0.00120,0.00268,0.00106,0.00520,0.00000,0.00117,0.00333,0.00142,0.00583,0.00142,0.02102,0.04909,0.00092,0.00562,0.01033,0.21308,0.11075,0.00016,0.00458,0.05189,0.46381,0.00037,0.00198,0.01953,0.01045,0.05599,0.02683,0.01171,0.04412,0.01170,0.00057,0.00461,0.07232,0.00704,1.12836
